ID,u1,u2,u3,u4,u5,u6
0,-0.35,-0.3,-0.25,-0.35,-0.3,-0.25
1,-0.35,-0.3,-0.25,-0.35,-0.3,0.0
2,-0.35,-0.3,-0.25,-0.35,-0.3,0.25
3,-0.35,-0.3,-0.25,-0.35,0.0,-0.25
4,-0.35,-0.3,-0.25,-0.35,0.0,0.0
5,-0.35,-0.3,-0.25,-0.35,0.0,0.25
6,-0.35,-0.3,-0.25,-0.35,0.3,-0.25
7,-0.35,-0.3,-0.25,-0.35,0.3,0.0
8,-0.35,-0.3,-0.25,-0.35,0.3,0.25
9,-0.35,-0.3,-0.25,0.0,-0.3,-0.25
10,-0.35,-0.3,-0.25,0.0,-0.3,0.0
11,-0.35,-0.3,-0.25,0.0,-0.3,0.25
12,-0.35,-0.3,-0.25,0.0,0.0,-0.25
13,-0.35,-0.3,-0.25,0.0,0.0,0.0
14,-0.35,-0.3,-0.25,0.0,0.0,0.25
15,-0.35,-0.3,-0.25,0.0,0.3,-0.25
16,-0.35,-0.3,-0.25,0.0,0.3,0.0
17,-0.35,-0.3,-0.25,0.0,0.3,0.25
18,-0.35,-0.3,-0.25,0.35,-0.3,-0.25
19,-0.35,-0.3,-0.25,0.35,-0.3,0.0
20,-0.35,-0.3,-0.25,0.35,-0.3,0.25
21,-0.35,-0.3,-0.25,0.35,0.0,-0.25
22,-0.35,-0.3,-0.25,0.35,0.0,0.0
23,-0.35,-0.3,-0.25,0.35,0.0,0.25
24,-0.35,-0.3,-0.25,0.35,0.3,-0.25
25,-0.35,-0.3,-0.25,0.35,0.3,0.0
26,-0.35,-0.3,-0.25,0.35,0.3,0.25
27,-0.35,-0.3,0.0,-0.35,-0.3,-0.25
28,-0.35,-0.3,0.0,-0.35,-0.3,0.0
29,-0.35,-0.3,0.0,-0.35,-0.3,0.25
30,-0.35,-0.3,0.0,-0.35,0.0,-0.25
31,-0.35,-0.3,0.0,-0.35,0.0,0.0
32,-0.35,-0.3,0.0,-0.35,0.0,0.25
33,-0.35,-0.3,0.0,-0.35,0.3,-0.25
34,-0.35,-0.3,0.0,-0.35,0.3,0.0
35,-0.35,-0.3,0.0,-0.35,0.3,0.25
36,-0.35,-0.3,0.0,0.0,-0.3,-0.25
37,-0.35,-0.3,0.0,0.0,-0.3,0.0
38,-0.35,-0.3,0.0,0.0,-0.3,0.25
39,-0.35,-0.3,0.0,0.0,0.0,-0.25
40,-0.35,-0.3,0.0,0.0,0.0,0.0
41,-0.35,-0.3,0.0,0.0,0.0,0.25
42,-0.35,-0.3,0.0,0.0,0.3,-0.25
43,-0.35,-0.3,0.0,0.0,0.3,0.0
44,-0.35,-0.3,0.0,0.0,0.3,0.25
45,-0.35,-0.3,0.0,0.35,-0.3,-0.25
46,-0.35,-0.3,0.0,0.35,-0.3,0.0
47,-0.35,-0.3,0.0,0.35,-0.3,0.25
48,-0.35,-0.3,0.0,0.35,0.0,-0.25
49,-0.35,-0.3,0.0,0.35,0.0,0.0
50,-0.35,-0.3,0.0,0.35,0.0,0.25
51,-0.35,-0.3,0.0,0.35,0.3,-0.25
52,-0.35,-0.3,0.0,0.35,0.3,0.0
53,-0.35,-0.3,0.0,0.35,0.3,0.25
54,-0.35,-0.3,0.25,-0.35,-0.3,-0.25
55,-0.35,-0.3,0.25,-0.35,-0.3,0.0
56,-0.35,-0.3,0.25,-0.35,-0.3,0.25
57,-0.35,-0.3,0.25,-0.35,0.0,-0.25
58,-0.35,-0.3,0.25,-0.35,0.0,0.0
59,-0.35,-0.3,0.25,-0.35,0.0,0.25
60,-0.35,-0.3,0.25,-0.35,0.3,-0.25
61,-0.35,-0.3,0.25,-0.35,0.3,0.0
62,-0.35,-0.3,0.25,-0.35,0.3,0.25
63,-0.35,-0.3,0.25,0.0,-0.3,-0.25
64,-0.35,-0.3,0.25,0.0,-0.3,0.0
65,-0.35,-0.3,0.25,0.0,-0.3,0.25
66,-0.35,-0.3,0.25,0.0,0.0,-0.25
67,-0.35,-0.3,0.25,0.0,0.0,0.0
68,-0.35,-0.3,0.25,0.0,0.0,0.25
69,-0.35,-0.3,0.25,0.0,0.3,-0.25
70,-0.35,-0.3,0.25,0.0,0.3,0.0
71,-0.35,-0.3,0.25,0.0,0.3,0.25
72,-0.35,-0.3,0.25,0.35,-0.3,-0.25
73,-0.35,-0.3,0.25,0.35,-0.3,0.0
74,-0.35,-0.3,0.25,0.35,-0.3,0.25
75,-0.35,-0.3,0.25,0.35,0.0,-0.25
76,-0.35,-0.3,0.25,0.35,0.0,0.0
77,-0.35,-0.3,0.25,0.35,0.0,0.25
78,-0.35,-0.3,0.25,0.35,0.3,-0.25
79,-0.35,-0.3,0.25,0.35,0.3,0.0
80,-0.35,-0.3,0.25,0.35,0.3,0.25
81,-0.35,0.0,-0.25,-0.35,-0.3,-0.25
82,-0.35,0.0,-0.25,-0.35,-0.3,0.0
83,-0.35,0.0,-0.25,-0.35,-0.3,0.25
84,-0.35,0.0,-0.25,-0.35,0.0,-0.25
85,-0.35,0.0,-0.25,-0.35,0.0,0.0
86,-0.35,0.0,-0.25,-0.35,0.0,0.25
87,-0.35,0.0,-0.25,-0.35,0.3,-0.25
88,-0.35,0.0,-0.25,-0.35,0.3,0.0
89,-0.35,0.0,-0.25,-0.35,0.3,0.25
90,-0.35,0.0,-0.25,0.0,-0.3,-0.25
91,-0.35,0.0,-0.25,0.0,-0.3,0.0
92,-0.35,0.0,-0.25,0.0,-0.3,0.25
93,-0.35,0.0,-0.25,0.0,0.0,-0.25
94,-0.35,0.0,-0.25,0.0,0.0,0.0
95,-0.35,0.0,-0.25,0.0,0.0,0.25
96,-0.35,0.0,-0.25,0.0,0.3,-0.25
97,-0.35,0.0,-0.25,0.0,0.3,0.0
98,-0.35,0.0,-0.25,0.0,0.3,0.25
99,-0.35,0.0,-0.25,0.35,-0.3,-0.25
100,-0.35,0.0,-0.25,0.35,-0.3,0.0
101,-0.35,0.0,-0.25,0.35,-0.3,0.25
102,-0.35,0.0,-0.25,0.35,0.0,-0.25
103,-0.35,0.0,-0.25,0.35,0.0,0.0
104,-0.35,0.0,-0.25,0.35,0.0,0.25
105,-0.35,0.0,-0.25,0.35,0.3,-0.25
106,-0.35,0.0,-0.25,0.35,0.3,0.0
107,-0.35,0.0,-0.25,0.35,0.3,0.25
108,-0.35,0.0,0.0,-0.35,-0.3,-0.25
109,-0.35,0.0,0.0,-0.35,-0.3,0.0
110,-0.35,0.0,0.0,-0.35,-0.3,0.25
111,-0.35,0.0,0.0,-0.35,0.0,-0.25
112,-0.35,0.0,0.0,-0.35,0.0,0.0
113,-0.35,0.0,0.0,-0.35,0.0,0.25
114,-0.35,0.0,0.0,-0.35,0.3,-0.25
115,-0.35,0.0,0.0,-0.35,0.3,0.0
116,-0.35,0.0,0.0,-0.35,0.3,0.25
117,-0.35,0.0,0.0,0.0,-0.3,-0.25
118,-0.35,0.0,0.0,0.0,-0.3,0.0
119,-0.35,0.0,0.0,0.0,-0.3,0.25
120,-0.35,0.0,0.0,0.0,0.0,-0.25
121,-0.35,0.0,0.0,0.0,0.0,0.0
122,-0.35,0.0,0.0,0.0,0.0,0.25
123,-0.35,0.0,0.0,0.0,0.3,-0.25
124,-0.35,0.0,0.0,0.0,0.3,0.0
125,-0.35,0.0,0.0,0.0,0.3,0.25
126,-0.35,0.0,0.0,0.35,-0.3,-0.25
127,-0.35,0.0,0.0,0.35,-0.3,0.0
128,-0.35,0.0,0.0,0.35,-0.3,0.25
129,-0.35,0.0,0.0,0.35,0.0,-0.25
130,-0.35,0.0,0.0,0.35,0.0,0.0
131,-0.35,0.0,0.0,0.35,0.0,0.25
132,-0.35,0.0,0.0,0.35,0.3,-0.25
133,-0.35,0.0,0.0,0.35,0.3,0.0
134,-0.35,0.0,0.0,0.35,0.3,0.25
135,-0.35,0.0,0.25,-0.35,-0.3,-0.25
136,-0.35,0.0,0.25,-0.35,-0.3,0.0
137,-0.35,0.0,0.25,-0.35,-0.3,0.25
138,-0.35,0.0,0.25,-0.35,0.0,-0.25
139,-0.35,0.0,0.25,-0.35,0.0,0.0
140,-0.35,0.0,0.25,-0.35,0.0,0.25
141,-0.35,0.0,0.25,-0.35,0.3,-0.25
142,-0.35,0.0,0.25,-0.35,0.3,0.0
143,-0.35,0.0,0.25,-0.35,0.3,0.25
144,-0.35,0.0,0.25,0.0,-0.3,-0.25
145,-0.35,0.0,0.25,0.0,-0.3,0.0
146,-0.35,0.0,0.25,0.0,-0.3,0.25
147,-0.35,0.0,0.25,0.0,0.0,-0.25
148,-0.35,0.0,0.25,0.0,0.0,0.0
149,-0.35,0.0,0.25,0.0,0.0,0.25
150,-0.35,0.0,0.25,0.0,0.3,-0.25
151,-0.35,0.0,0.25,0.0,0.3,0.0
152,-0.35,0.0,0.25,0.0,0.3,0.25
153,-0.35,0.0,0.25,0.35,-0.3,-0.25
154,-0.35,0.0,0.25,0.35,-0.3,0.0
155,-0.35,0.0,0.25,0.35,-0.3,0.25
156,-0.35,0.0,0.25,0.35,0.0,-0.25
157,-0.35,0.0,0.25,0.35,0.0,0.0
158,-0.35,0.0,0.25,0.35,0.0,0.25
159,-0.35,0.0,0.25,0.35,0.3,-0.25
160,-0.35,0.0,0.25,0.35,0.3,0.0
161,-0.35,0.0,0.25,0.35,0.3,0.25
162,-0.35,0.3,-0.25,-0.35,-0.3,-0.25
163,-0.35,0.3,-0.25,-0.35,-0.3,0.0
164,-0.35,0.3,-0.25,-0.35,-0.3,0.25
165,-0.35,0.3,-0.25,-0.35,0.0,-0.25
166,-0.35,0.3,-0.25,-0.35,0.0,0.0
167,-0.35,0.3,-0.25,-0.35,0.0,0.25
168,-0.35,0.3,-0.25,-0.35,0.3,-0.25
169,-0.35,0.3,-0.25,-0.35,0.3,0.0
170,-0.35,0.3,-0.25,-0.35,0.3,0.25
171,-0.35,0.3,-0.25,0.0,-0.3,-0.25
172,-0.35,0.3,-0.25,0.0,-0.3,0.0
173,-0.35,0.3,-0.25,0.0,-0.3,0.25
174,-0.35,0.3,-0.25,0.0,0.0,-0.25
175,-0.35,0.3,-0.25,0.0,0.0,0.0
176,-0.35,0.3,-0.25,0.0,0.0,0.25
177,-0.35,0.3,-0.25,0.0,0.3,-0.25
178,-0.35,0.3,-0.25,0.0,0.3,0.0
179,-0.35,0.3,-0.25,0.0,0.3,0.25
180,-0.35,0.3,-0.25,0.35,-0.3,-0.25
181,-0.35,0.3,-0.25,0.35,-0.3,0.0
182,-0.35,0.3,-0.25,0.35,-0.3,0.25
183,-0.35,0.3,-0.25,0.35,0.0,-0.25
184,-0.35,0.3,-0.25,0.35,0.0,0.0
185,-0.35,0.3,-0.25,0.35,0.0,0.25
186,-0.35,0.3,-0.25,0.35,0.3,-0.25
187,-0.35,0.3,-0.25,0.35,0.3,0.0
188,-0.35,0.3,-0.25,0.35,0.3,0.25
189,-0.35,0.3,0.0,-0.35,-0.3,-0.25
190,-0.35,0.3,0.0,-0.35,-0.3,0.0
191,-0.35,0.3,0.0,-0.35,-0.3,0.25
192,-0.35,0.3,0.0,-0.35,0.0,-0.25
193,-0.35,0.3,0.0,-0.35,0.0,0.0
194,-0.35,0.3,0.0,-0.35,0.0,0.25
195,-0.35,0.3,0.0,-0.35,0.3,-0.25
196,-0.35,0.3,0.0,-0.35,0.3,0.0
197,-0.35,0.3,0.0,-0.35,0.3,0.25
198,-0.35,0.3,0.0,0.0,-0.3,-0.25
199,-0.35,0.3,0.0,0.0,-0.3,0.0
200,-0.35,0.3,0.0,0.0,-0.3,0.25
201,-0.35,0.3,0.0,0.0,0.0,-0.25
202,-0.35,0.3,0.0,0.0,0.0,0.0
203,-0.35,0.3,0.0,0.0,0.0,0.25
204,-0.35,0.3,0.0,0.0,0.3,-0.25
205,-0.35,0.3,0.0,0.0,0.3,0.0
206,-0.35,0.3,0.0,0.0,0.3,0.25
207,-0.35,0.3,0.0,0.35,-0.3,-0.25
208,-0.35,0.3,0.0,0.35,-0.3,0.0
209,-0.35,0.3,0.0,0.35,-0.3,0.25
210,-0.35,0.3,0.0,0.35,0.0,-0.25
211,-0.35,0.3,0.0,0.35,0.0,0.0
212,-0.35,0.3,0.0,0.35,0.0,0.25
213,-0.35,0.3,0.0,0.35,0.3,-0.25
214,-0.35,0.3,0.0,0.35,0.3,0.0
215,-0.35,0.3,0.0,0.35,0.3,0.25
216,-0.35,0.3,0.25,-0.35,-0.3,-0.25
217,-0.35,0.3,0.25,-0.35,-0.3,0.0
218,-0.35,0.3,0.25,-0.35,-0.3,0.25
219,-0.35,0.3,0.25,-0.35,0.0,-0.25
220,-0.35,0.3,0.25,-0.35,0.0,0.0
221,-0.35,0.3,0.25,-0.35,0.0,0.25
222,-0.35,0.3,0.25,-0.35,0.3,-0.25
223,-0.35,0.3,0.25,-0.35,0.3,0.0
224,-0.35,0.3,0.25,-0.35,0.3,0.25
225,-0.35,0.3,0.25,0.0,-0.3,-0.25
226,-0.35,0.3,0.25,0.0,-0.3,0.0
227,-0.35,0.3,0.25,0.0,-0.3,0.25
228,-0.35,0.3,0.25,0.0,0.0,-0.25
229,-0.35,0.3,0.25,0.0,0.0,0.0
230,-0.35,0.3,0.25,0.0,0.0,0.25
231,-0.35,0.3,0.25,0.0,0.3,-0.25
232,-0.35,0.3,0.25,0.0,0.3,0.0
233,-0.35,0.3,0.25,0.0,0.3,0.25
234,-0.35,0.3,0.25,0.35,-0.3,-0.25
235,-0.35,0.3,0.25,0.35,-0.3,0.0
236,-0.35,0.3,0.25,0.35,-0.3,0.25
237,-0.35,0.3,0.25,0.35,0.0,-0.25
238,-0.35,0.3,0.25,0.35,0.0,0.0
239,-0.35,0.3,0.25,0.35,0.0,0.25
240,-0.35,0.3,0.25,0.35,0.3,-0.25
241,-0.35,0.3,0.25,0.35,0.3,0.0
242,-0.35,0.3,0.25,0.35,0.3,0.25
243,0.0,-0.3,-0.25,-0.35,-0.3,-0.25
244,0.0,-0.3,-0.25,-0.35,-0.3,0.0
245,0.0,-0.3,-0.25,-0.35,-0.3,0.25
246,0.0,-0.3,-0.25,-0.35,0.0,-0.25
247,0.0,-0.3,-0.25,-0.35,0.0,0.0
248,0.0,-0.3,-0.25,-0.35,0.0,0.25
249,0.0,-0.3,-0.25,-0.35,0.3,-0.25
250,0.0,-0.3,-0.25,-0.35,0.3,0.0
251,0.0,-0.3,-0.25,-0.35,0.3,0.25
252,0.0,-0.3,-0.25,0.0,-0.3,-0.25
253,0.0,-0.3,-0.25,0.0,-0.3,0.0
254,0.0,-0.3,-0.25,0.0,-0.3,0.25
255,0.0,-0.3,-0.25,0.0,0.0,-0.25
256,0.0,-0.3,-0.25,0.0,0.0,0.0
257,0.0,-0.3,-0.25,0.0,0.0,0.25
258,0.0,-0.3,-0.25,0.0,0.3,-0.25
259,0.0,-0.3,-0.25,0.0,0.3,0.0
260,0.0,-0.3,-0.25,0.0,0.3,0.25
261,0.0,-0.3,-0.25,0.35,-0.3,-0.25
262,0.0,-0.3,-0.25,0.35,-0.3,0.0
263,0.0,-0.3,-0.25,0.35,-0.3,0.25
264,0.0,-0.3,-0.25,0.35,0.0,-0.25
265,0.0,-0.3,-0.25,0.35,0.0,0.0
266,0.0,-0.3,-0.25,0.35,0.0,0.25
267,0.0,-0.3,-0.25,0.35,0.3,-0.25
268,0.0,-0.3,-0.25,0.35,0.3,0.0
269,0.0,-0.3,-0.25,0.35,0.3,0.25
270,0.0,-0.3,0.0,-0.35,-0.3,-0.25
271,0.0,-0.3,0.0,-0.35,-0.3,0.0
272,0.0,-0.3,0.0,-0.35,-0.3,0.25
273,0.0,-0.3,0.0,-0.35,0.0,-0.25
274,0.0,-0.3,0.0,-0.35,0.0,0.0
275,0.0,-0.3,0.0,-0.35,0.0,0.25
276,0.0,-0.3,0.0,-0.35,0.3,-0.25
277,0.0,-0.3,0.0,-0.35,0.3,0.0
278,0.0,-0.3,0.0,-0.35,0.3,0.25
279,0.0,-0.3,0.0,0.0,-0.3,-0.25
280,0.0,-0.3,0.0,0.0,-0.3,0.0
281,0.0,-0.3,0.0,0.0,-0.3,0.25
282,0.0,-0.3,0.0,0.0,0.0,-0.25
283,0.0,-0.3,0.0,0.0,0.0,0.0
284,0.0,-0.3,0.0,0.0,0.0,0.25
285,0.0,-0.3,0.0,0.0,0.3,-0.25
286,0.0,-0.3,0.0,0.0,0.3,0.0
287,0.0,-0.3,0.0,0.0,0.3,0.25
288,0.0,-0.3,0.0,0.35,-0.3,-0.25
289,0.0,-0.3,0.0,0.35,-0.3,0.0
290,0.0,-0.3,0.0,0.35,-0.3,0.25
291,0.0,-0.3,0.0,0.35,0.0,-0.25
292,0.0,-0.3,0.0,0.35,0.0,0.0
293,0.0,-0.3,0.0,0.35,0.0,0.25
294,0.0,-0.3,0.0,0.35,0.3,-0.25
295,0.0,-0.3,0.0,0.35,0.3,0.0
296,0.0,-0.3,0.0,0.35,0.3,0.25
297,0.0,-0.3,0.25,-0.35,-0.3,-0.25
298,0.0,-0.3,0.25,-0.35,-0.3,0.0
299,0.0,-0.3,0.25,-0.35,-0.3,0.25
300,0.0,-0.3,0.25,-0.35,0.0,-0.25
301,0.0,-0.3,0.25,-0.35,0.0,0.0
302,0.0,-0.3,0.25,-0.35,0.0,0.25
303,0.0,-0.3,0.25,-0.35,0.3,-0.25
304,0.0,-0.3,0.25,-0.35,0.3,0.0
305,0.0,-0.3,0.25,-0.35,0.3,0.25
306,0.0,-0.3,0.25,0.0,-0.3,-0.25
307,0.0,-0.3,0.25,0.0,-0.3,0.0
308,0.0,-0.3,0.25,0.0,-0.3,0.25
309,0.0,-0.3,0.25,0.0,0.0,-0.25
310,0.0,-0.3,0.25,0.0,0.0,0.0
311,0.0,-0.3,0.25,0.0,0.0,0.25
312,0.0,-0.3,0.25,0.0,0.3,-0.25
313,0.0,-0.3,0.25,0.0,0.3,0.0
314,0.0,-0.3,0.25,0.0,0.3,0.25
315,0.0,-0.3,0.25,0.35,-0.3,-0.25
316,0.0,-0.3,0.25,0.35,-0.3,0.0
317,0.0,-0.3,0.25,0.35,-0.3,0.25
318,0.0,-0.3,0.25,0.35,0.0,-0.25
319,0.0,-0.3,0.25,0.35,0.0,0.0
320,0.0,-0.3,0.25,0.35,0.0,0.25
321,0.0,-0.3,0.25,0.35,0.3,-0.25
322,0.0,-0.3,0.25,0.35,0.3,0.0
323,0.0,-0.3,0.25,0.35,0.3,0.25
324,0.0,0.0,-0.25,-0.35,-0.3,-0.25
325,0.0,0.0,-0.25,-0.35,-0.3,0.0
326,0.0,0.0,-0.25,-0.35,-0.3,0.25
327,0.0,0.0,-0.25,-0.35,0.0,-0.25
328,0.0,0.0,-0.25,-0.35,0.0,0.0
329,0.0,0.0,-0.25,-0.35,0.0,0.25
330,0.0,0.0,-0.25,-0.35,0.3,-0.25
331,0.0,0.0,-0.25,-0.35,0.3,0.0
332,0.0,0.0,-0.25,-0.35,0.3,0.25
333,0.0,0.0,-0.25,0.0,-0.3,-0.25
334,0.0,0.0,-0.25,0.0,-0.3,0.0
335,0.0,0.0,-0.25,0.0,-0.3,0.25
336,0.0,0.0,-0.25,0.0,0.0,-0.25
337,0.0,0.0,-0.25,0.0,0.0,0.0
338,0.0,0.0,-0.25,0.0,0.0,0.25
339,0.0,0.0,-0.25,0.0,0.3,-0.25
340,0.0,0.0,-0.25,0.0,0.3,0.0
341,0.0,0.0,-0.25,0.0,0.3,0.25
342,0.0,0.0,-0.25,0.35,-0.3,-0.25
343,0.0,0.0,-0.25,0.35,-0.3,0.0
344,0.0,0.0,-0.25,0.35,-0.3,0.25
345,0.0,0.0,-0.25,0.35,0.0,-0.25
346,0.0,0.0,-0.25,0.35,0.0,0.0
347,0.0,0.0,-0.25,0.35,0.0,0.25
348,0.0,0.0,-0.25,0.35,0.3,-0.25
349,0.0,0.0,-0.25,0.35,0.3,0.0
350,0.0,0.0,-0.25,0.35,0.3,0.25
351,0.0,0.0,0.0,-0.35,-0.3,-0.25
352,0.0,0.0,0.0,-0.35,-0.3,0.0
353,0.0,0.0,0.0,-0.35,-0.3,0.25
354,0.0,0.0,0.0,-0.35,0.0,-0.25
355,0.0,0.0,0.0,-0.35,0.0,0.0
356,0.0,0.0,0.0,-0.35,0.0,0.25
357,0.0,0.0,0.0,-0.35,0.3,-0.25
358,0.0,0.0,0.0,-0.35,0.3,0.0
359,0.0,0.0,0.0,-0.35,0.3,0.25
360,0.0,0.0,0.0,0.0,-0.3,-0.25
361,0.0,0.0,0.0,0.0,-0.3,0.0
362,0.0,0.0,0.0,0.0,-0.3,0.25
363,0.0,0.0,0.0,0.0,0.0,-0.25
364,0.0,0.0,0.0,0.0,0.0,0.0
365,0.0,0.0,0.0,0.0,0.0,0.25
366,0.0,0.0,0.0,0.0,0.3,-0.25
367,0.0,0.0,0.0,0.0,0.3,0.0
368,0.0,0.0,0.0,0.0,0.3,0.25
369,0.0,0.0,0.0,0.35,-0.3,-0.25
370,0.0,0.0,0.0,0.35,-0.3,0.0
371,0.0,0.0,0.0,0.35,-0.3,0.25
372,0.0,0.0,0.0,0.35,0.0,-0.25
373,0.0,0.0,0.0,0.35,0.0,0.0
374,0.0,0.0,0.0,0.35,0.0,0.25
375,0.0,0.0,0.0,0.35,0.3,-0.25
376,0.0,0.0,0.0,0.35,0.3,0.0
377,0.0,0.0,0.0,0.35,0.3,0.25
378,0.0,0.0,0.25,-0.35,-0.3,-0.25
379,0.0,0.0,0.25,-0.35,-0.3,0.0
380,0.0,0.0,0.25,-0.35,-0.3,0.25
381,0.0,0.0,0.25,-0.35,0.0,-0.25
382,0.0,0.0,0.25,-0.35,0.0,0.0
383,0.0,0.0,0.25,-0.35,0.0,0.25
384,0.0,0.0,0.25,-0.35,0.3,-0.25
385,0.0,0.0,0.25,-0.35,0.3,0.0
386,0.0,0.0,0.25,-0.35,0.3,0.25
387,0.0,0.0,0.25,0.0,-0.3,-0.25
388,0.0,0.0,0.25,0.0,-0.3,0.0
389,0.0,0.0,0.25,0.0,-0.3,0.25
390,0.0,0.0,0.25,0.0,0.0,-0.25
391,0.0,0.0,0.25,0.0,0.0,0.0
392,0.0,0.0,0.25,0.0,0.0,0.25
393,0.0,0.0,0.25,0.0,0.3,-0.25
394,0.0,0.0,0.25,0.0,0.3,0.0
395,0.0,0.0,0.25,0.0,0.3,0.25
396,0.0,0.0,0.25,0.35,-0.3,-0.25
397,0.0,0.0,0.25,0.35,-0.3,0.0
398,0.0,0.0,0.25,0.35,-0.3,0.25
399,0.0,0.0,0.25,0.35,0.0,-0.25
400,0.0,0.0,0.25,0.35,0.0,0.0
401,0.0,0.0,0.25,0.35,0.0,0.25
402,0.0,0.0,0.25,0.35,0.3,-0.25
403,0.0,0.0,0.25,0.35,0.3,0.0
404,0.0,0.0,0.25,0.35,0.3,0.25
405,0.0,0.3,-0.25,-0.35,-0.3,-0.25
406,0.0,0.3,-0.25,-0.35,-0.3,0.0
407,0.0,0.3,-0.25,-0.35,-0.3,0.25
408,0.0,0.3,-0.25,-0.35,0.0,-0.25
409,0.0,0.3,-0.25,-0.35,0.0,0.0
410,0.0,0.3,-0.25,-0.35,0.0,0.25
411,0.0,0.3,-0.25,-0.35,0.3,-0.25
412,0.0,0.3,-0.25,-0.35,0.3,0.0
413,0.0,0.3,-0.25,-0.35,0.3,0.25
414,0.0,0.3,-0.25,0.0,-0.3,-0.25
415,0.0,0.3,-0.25,0.0,-0.3,0.0
416,0.0,0.3,-0.25,0.0,-0.3,0.25
417,0.0,0.3,-0.25,0.0,0.0,-0.25
418,0.0,0.3,-0.25,0.0,0.0,0.0
419,0.0,0.3,-0.25,0.0,0.0,0.25
420,0.0,0.3,-0.25,0.0,0.3,-0.25
421,0.0,0.3,-0.25,0.0,0.3,0.0
422,0.0,0.3,-0.25,0.0,0.3,0.25
423,0.0,0.3,-0.25,0.35,-0.3,-0.25
424,0.0,0.3,-0.25,0.35,-0.3,0.0
425,0.0,0.3,-0.25,0.35,-0.3,0.25
426,0.0,0.3,-0.25,0.35,0.0,-0.25
427,0.0,0.3,-0.25,0.35,0.0,0.0
428,0.0,0.3,-0.25,0.35,0.0,0.25
429,0.0,0.3,-0.25,0.35,0.3,-0.25
430,0.0,0.3,-0.25,0.35,0.3,0.0
431,0.0,0.3,-0.25,0.35,0.3,0.25
432,0.0,0.3,0.0,-0.35,-0.3,-0.25
433,0.0,0.3,0.0,-0.35,-0.3,0.0
434,0.0,0.3,0.0,-0.35,-0.3,0.25
435,0.0,0.3,0.0,-0.35,0.0,-0.25
436,0.0,0.3,0.0,-0.35,0.0,0.0
437,0.0,0.3,0.0,-0.35,0.0,0.25
438,0.0,0.3,0.0,-0.35,0.3,-0.25
439,0.0,0.3,0.0,-0.35,0.3,0.0
440,0.0,0.3,0.0,-0.35,0.3,0.25
441,0.0,0.3,0.0,0.0,-0.3,-0.25
442,0.0,0.3,0.0,0.0,-0.3,0.0
443,0.0,0.3,0.0,0.0,-0.3,0.25
444,0.0,0.3,0.0,0.0,0.0,-0.25
445,0.0,0.3,0.0,0.0,0.0,0.0
446,0.0,0.3,0.0,0.0,0.0,0.25
447,0.0,0.3,0.0,0.0,0.3,-0.25
448,0.0,0.3,0.0,0.0,0.3,0.0
449,0.0,0.3,0.0,0.0,0.3,0.25
450,0.0,0.3,0.0,0.35,-0.3,-0.25
451,0.0,0.3,0.0,0.35,-0.3,0.0
452,0.0,0.3,0.0,0.35,-0.3,0.25
453,0.0,0.3,0.0,0.35,0.0,-0.25
454,0.0,0.3,0.0,0.35,0.0,0.0
455,0.0,0.3,0.0,0.35,0.0,0.25
456,0.0,0.3,0.0,0.35,0.3,-0.25
457,0.0,0.3,0.0,0.35,0.3,0.0
458,0.0,0.3,0.0,0.35,0.3,0.25
459,0.0,0.3,0.25,-0.35,-0.3,-0.25
460,0.0,0.3,0.25,-0.35,-0.3,0.0
461,0.0,0.3,0.25,-0.35,-0.3,0.25
462,0.0,0.3,0.25,-0.35,0.0,-0.25
463,0.0,0.3,0.25,-0.35,0.0,0.0
464,0.0,0.3,0.25,-0.35,0.0,0.25
465,0.0,0.3,0.25,-0.35,0.3,-0.25
466,0.0,0.3,0.25,-0.35,0.3,0.0
467,0.0,0.3,0.25,-0.35,0.3,0.25
468,0.0,0.3,0.25,0.0,-0.3,-0.25
469,0.0,0.3,0.25,0.0,-0.3,0.0
470,0.0,0.3,0.25,0.0,-0.3,0.25
471,0.0,0.3,0.25,0.0,0.0,-0.25
472,0.0,0.3,0.25,0.0,0.0,0.0
473,0.0,0.3,0.25,0.0,0.0,0.25
474,0.0,0.3,0.25,0.0,0.3,-0.25
475,0.0,0.3,0.25,0.0,0.3,0.0
476,0.0,0.3,0.25,0.0,0.3,0.25
477,0.0,0.3,0.25,0.35,-0.3,-0.25
478,0.0,0.3,0.25,0.35,-0.3,0.0
479,0.0,0.3,0.25,0.35,-0.3,0.25
480,0.0,0.3,0.25,0.35,0.0,-0.25
481,0.0,0.3,0.25,0.35,0.0,0.0
482,0.0,0.3,0.25,0.35,0.0,0.25
483,0.0,0.3,0.25,0.35,0.3,-0.25
484,0.0,0.3,0.25,0.35,0.3,0.0
485,0.0,0.3,0.25,0.35,0.3,0.25
486,0.35,-0.3,-0.25,-0.35,-0.3,-0.25
487,0.35,-0.3,-0.25,-0.35,-0.3,0.0
488,0.35,-0.3,-0.25,-0.35,-0.3,0.25
489,0.35,-0.3,-0.25,-0.35,0.0,-0.25
490,0.35,-0.3,-0.25,-0.35,0.0,0.0
491,0.35,-0.3,-0.25,-0.35,0.0,0.25
492,0.35,-0.3,-0.25,-0.35,0.3,-0.25
493,0.35,-0.3,-0.25,-0.35,0.3,0.0
494,0.35,-0.3,-0.25,-0.35,0.3,0.25
495,0.35,-0.3,-0.25,0.0,-0.3,-0.25
496,0.35,-0.3,-0.25,0.0,-0.3,0.0
497,0.35,-0.3,-0.25,0.0,-0.3,0.25
498,0.35,-0.3,-0.25,0.0,0.0,-0.25
499,0.35,-0.3,-0.25,0.0,0.0,0.0
500,0.35,-0.3,-0.25,0.0,0.0,0.25
501,0.35,-0.3,-0.25,0.0,0.3,-0.25
502,0.35,-0.3,-0.25,0.0,0.3,0.0
503,0.35,-0.3,-0.25,0.0,0.3,0.25
504,0.35,-0.3,-0.25,0.35,-0.3,-0.25
505,0.35,-0.3,-0.25,0.35,-0.3,0.0
506,0.35,-0.3,-0.25,0.35,-0.3,0.25
507,0.35,-0.3,-0.25,0.35,0.0,-0.25
508,0.35,-0.3,-0.25,0.35,0.0,0.0
509,0.35,-0.3,-0.25,0.35,0.0,0.25
510,0.35,-0.3,-0.25,0.35,0.3,-0.25
511,0.35,-0.3,-0.25,0.35,0.3,0.0
512,0.35,-0.3,-0.25,0.35,0.3,0.25
513,0.35,-0.3,0.0,-0.35,-0.3,-0.25
514,0.35,-0.3,0.0,-0.35,-0.3,0.0
515,0.35,-0.3,0.0,-0.35,-0.3,0.25
516,0.35,-0.3,0.0,-0.35,0.0,-0.25
517,0.35,-0.3,0.0,-0.35,0.0,0.0
518,0.35,-0.3,0.0,-0.35,0.0,0.25
519,0.35,-0.3,0.0,-0.35,0.3,-0.25
520,0.35,-0.3,0.0,-0.35,0.3,0.0
521,0.35,-0.3,0.0,-0.35,0.3,0.25
522,0.35,-0.3,0.0,0.0,-0.3,-0.25
523,0.35,-0.3,0.0,0.0,-0.3,0.0
524,0.35,-0.3,0.0,0.0,-0.3,0.25
525,0.35,-0.3,0.0,0.0,0.0,-0.25
526,0.35,-0.3,0.0,0.0,0.0,0.0
527,0.35,-0.3,0.0,0.0,0.0,0.25
528,0.35,-0.3,0.0,0.0,0.3,-0.25
529,0.35,-0.3,0.0,0.0,0.3,0.0
530,0.35,-0.3,0.0,0.0,0.3,0.25
531,0.35,-0.3,0.0,0.35,-0.3,-0.25
532,0.35,-0.3,0.0,0.35,-0.3,0.0
533,0.35,-0.3,0.0,0.35,-0.3,0.25
534,0.35,-0.3,0.0,0.35,0.0,-0.25
535,0.35,-0.3,0.0,0.35,0.0,0.0
536,0.35,-0.3,0.0,0.35,0.0,0.25
537,0.35,-0.3,0.0,0.35,0.3,-0.25
538,0.35,-0.3,0.0,0.35,0.3,0.0
539,0.35,-0.3,0.0,0.35,0.3,0.25
540,0.35,-0.3,0.25,-0.35,-0.3,-0.25
541,0.35,-0.3,0.25,-0.35,-0.3,0.0
542,0.35,-0.3,0.25,-0.35,-0.3,0.25
543,0.35,-0.3,0.25,-0.35,0.0,-0.25
544,0.35,-0.3,0.25,-0.35,0.0,0.0
545,0.35,-0.3,0.25,-0.35,0.0,0.25
546,0.35,-0.3,0.25,-0.35,0.3,-0.25
547,0.35,-0.3,0.25,-0.35,0.3,0.0
548,0.35,-0.3,0.25,-0.35,0.3,0.25
549,0.35,-0.3,0.25,0.0,-0.3,-0.25
550,0.35,-0.3,0.25,0.0,-0.3,0.0
551,0.35,-0.3,0.25,0.0,-0.3,0.25
552,0.35,-0.3,0.25,0.0,0.0,-0.25
553,0.35,-0.3,0.25,0.0,0.0,0.0
554,0.35,-0.3,0.25,0.0,0.0,0.25
555,0.35,-0.3,0.25,0.0,0.3,-0.25
556,0.35,-0.3,0.25,0.0,0.3,0.0
557,0.35,-0.3,0.25,0.0,0.3,0.25
558,0.35,-0.3,0.25,0.35,-0.3,-0.25
559,0.35,-0.3,0.25,0.35,-0.3,0.0
560,0.35,-0.3,0.25,0.35,-0.3,0.25
561,0.35,-0.3,0.25,0.35,0.0,-0.25
562,0.35,-0.3,0.25,0.35,0.0,0.0
563,0.35,-0.3,0.25,0.35,0.0,0.25
564,0.35,-0.3,0.25,0.35,0.3,-0.25
565,0.35,-0.3,0.25,0.35,0.3,0.0
566,0.35,-0.3,0.25,0.35,0.3,0.25
567,0.35,0.0,-0.25,-0.35,-0.3,-0.25
568,0.35,0.0,-0.25,-0.35,-0.3,0.0
569,0.35,0.0,-0.25,-0.35,-0.3,0.25
570,0.35,0.0,-0.25,-0.35,0.0,-0.25
571,0.35,0.0,-0.25,-0.35,0.0,0.0
572,0.35,0.0,-0.25,-0.35,0.0,0.25
573,0.35,0.0,-0.25,-0.35,0.3,-0.25
574,0.35,0.0,-0.25,-0.35,0.3,0.0
575,0.35,0.0,-0.25,-0.35,0.3,0.25
576,0.35,0.0,-0.25,0.0,-0.3,-0.25
577,0.35,0.0,-0.25,0.0,-0.3,0.0
578,0.35,0.0,-0.25,0.0,-0.3,0.25
579,0.35,0.0,-0.25,0.0,0.0,-0.25
580,0.35,0.0,-0.25,0.0,0.0,0.0
581,0.35,0.0,-0.25,0.0,0.0,0.25
582,0.35,0.0,-0.25,0.0,0.3,-0.25
583,0.35,0.0,-0.25,0.0,0.3,0.0
584,0.35,0.0,-0.25,0.0,0.3,0.25
585,0.35,0.0,-0.25,0.35,-0.3,-0.25
586,0.35,0.0,-0.25,0.35,-0.3,0.0
587,0.35,0.0,-0.25,0.35,-0.3,0.25
588,0.35,0.0,-0.25,0.35,0.0,-0.25
589,0.35,0.0,-0.25,0.35,0.0,0.0
590,0.35,0.0,-0.25,0.35,0.0,0.25
591,0.35,0.0,-0.25,0.35,0.3,-0.25
592,0.35,0.0,-0.25,0.35,0.3,0.0
593,0.35,0.0,-0.25,0.35,0.3,0.25
594,0.35,0.0,0.0,-0.35,-0.3,-0.25
595,0.35,0.0,0.0,-0.35,-0.3,0.0
596,0.35,0.0,0.0,-0.35,-0.3,0.25
597,0.35,0.0,0.0,-0.35,0.0,-0.25
598,0.35,0.0,0.0,-0.35,0.0,0.0
599,0.35,0.0,0.0,-0.35,0.0,0.25
600,0.35,0.0,0.0,-0.35,0.3,-0.25
601,0.35,0.0,0.0,-0.35,0.3,0.0
602,0.35,0.0,0.0,-0.35,0.3,0.25
603,0.35,0.0,0.0,0.0,-0.3,-0.25
604,0.35,0.0,0.0,0.0,-0.3,0.0
605,0.35,0.0,0.0,0.0,-0.3,0.25
606,0.35,0.0,0.0,0.0,0.0,-0.25
607,0.35,0.0,0.0,0.0,0.0,0.0
608,0.35,0.0,0.0,0.0,0.0,0.25
609,0.35,0.0,0.0,0.0,0.3,-0.25
610,0.35,0.0,0.0,0.0,0.3,0.0
611,0.35,0.0,0.0,0.0,0.3,0.25
612,0.35,0.0,0.0,0.35,-0.3,-0.25
613,0.35,0.0,0.0,0.35,-0.3,0.0
614,0.35,0.0,0.0,0.35,-0.3,0.25
615,0.35,0.0,0.0,0.35,0.0,-0.25
616,0.35,0.0,0.0,0.35,0.0,0.0
617,0.35,0.0,0.0,0.35,0.0,0.25
618,0.35,0.0,0.0,0.35,0.3,-0.25
619,0.35,0.0,0.0,0.35,0.3,0.0
620,0.35,0.0,0.0,0.35,0.3,0.25
621,0.35,0.0,0.25,-0.35,-0.3,-0.25
622,0.35,0.0,0.25,-0.35,-0.3,0.0
623,0.35,0.0,0.25,-0.35,-0.3,0.25
624,0.35,0.0,0.25,-0.35,0.0,-0.25
625,0.35,0.0,0.25,-0.35,0.0,0.0
626,0.35,0.0,0.25,-0.35,0.0,0.25
627,0.35,0.0,0.25,-0.35,0.3,-0.25
628,0.35,0.0,0.25,-0.35,0.3,0.0
629,0.35,0.0,0.25,-0.35,0.3,0.25
630,0.35,0.0,0.25,0.0,-0.3,-0.25
631,0.35,0.0,0.25,0.0,-0.3,0.0
632,0.35,0.0,0.25,0.0,-0.3,0.25
633,0.35,0.0,0.25,0.0,0.0,-0.25
634,0.35,0.0,0.25,0.0,0.0,0.0
635,0.35,0.0,0.25,0.0,0.0,0.25
636,0.35,0.0,0.25,0.0,0.3,-0.25
637,0.35,0.0,0.25,0.0,0.3,0.0
638,0.35,0.0,0.25,0.0,0.3,0.25
639,0.35,0.0,0.25,0.35,-0.3,-0.25
640,0.35,0.0,0.25,0.35,-0.3,0.0
641,0.35,0.0,0.25,0.35,-0.3,0.25
642,0.35,0.0,0.25,0.35,0.0,-0.25
643,0.35,0.0,0.25,0.35,0.0,0.0
644,0.35,0.0,0.25,0.35,0.0,0.25
645,0.35,0.0,0.25,0.35,0.3,-0.25
646,0.35,0.0,0.25,0.35,0.3,0.0
647,0.35,0.0,0.25,0.35,0.3,0.25
648,0.35,0.3,-0.25,-0.35,-0.3,-0.25
649,0.35,0.3,-0.25,-0.35,-0.3,0.0
650,0.35,0.3,-0.25,-0.35,-0.3,0.25
651,0.35,0.3,-0.25,-0.35,0.0,-0.25
652,0.35,0.3,-0.25,-0.35,0.0,0.0
653,0.35,0.3,-0.25,-0.35,0.0,0.25
654,0.35,0.3,-0.25,-0.35,0.3,-0.25
655,0.35,0.3,-0.25,-0.35,0.3,0.0
656,0.35,0.3,-0.25,-0.35,0.3,0.25
657,0.35,0.3,-0.25,0.0,-0.3,-0.25
658,0.35,0.3,-0.25,0.0,-0.3,0.0
659,0.35,0.3,-0.25,0.0,-0.3,0.25
660,0.35,0.3,-0.25,0.0,0.0,-0.25
661,0.35,0.3,-0.25,0.0,0.0,0.0
662,0.35,0.3,-0.25,0.0,0.0,0.25
663,0.35,0.3,-0.25,0.0,0.3,-0.25
664,0.35,0.3,-0.25,0.0,0.3,0.0
665,0.35,0.3,-0.25,0.0,0.3,0.25
666,0.35,0.3,-0.25,0.35,-0.3,-0.25
667,0.35,0.3,-0.25,0.35,-0.3,0.0
668,0.35,0.3,-0.25,0.35,-0.3,0.25
669,0.35,0.3,-0.25,0.35,0.0,-0.25
670,0.35,0.3,-0.25,0.35,0.0,0.0
671,0.35,0.3,-0.25,0.35,0.0,0.25
672,0.35,0.3,-0.25,0.35,0.3,-0.25
673,0.35,0.3,-0.25,0.35,0.3,0.0
674,0.35,0.3,-0.25,0.35,0.3,0.25
675,0.35,0.3,0.0,-0.35,-0.3,-0.25
676,0.35,0.3,0.0,-0.35,-0.3,0.0
677,0.35,0.3,0.0,-0.35,-0.3,0.25
678,0.35,0.3,0.0,-0.35,0.0,-0.25
679,0.35,0.3,0.0,-0.35,0.0,0.0
680,0.35,0.3,0.0,-0.35,0.0,0.25
681,0.35,0.3,0.0,-0.35,0.3,-0.25
682,0.35,0.3,0.0,-0.35,0.3,0.0
683,0.35,0.3,0.0,-0.35,0.3,0.25
684,0.35,0.3,0.0,0.0,-0.3,-0.25
685,0.35,0.3,0.0,0.0,-0.3,0.0
686,0.35,0.3,0.0,0.0,-0.3,0.25
687,0.35,0.3,0.0,0.0,0.0,-0.25
688,0.35,0.3,0.0,0.0,0.0,0.0
689,0.35,0.3,0.0,0.0,0.0,0.25
690,0.35,0.3,0.0,0.0,0.3,-0.25
691,0.35,0.3,0.0,0.0,0.3,0.0
692,0.35,0.3,0.0,0.0,0.3,0.25
693,0.35,0.3,0.0,0.35,-0.3,-0.25
694,0.35,0.3,0.0,0.35,-0.3,0.0
695,0.35,0.3,0.0,0.35,-0.3,0.25
696,0.35,0.3,0.0,0.35,0.0,-0.25
697,0.35,0.3,0.0,0.35,0.0,0.0
698,0.35,0.3,0.0,0.35,0.0,0.25
699,0.35,0.3,0.0,0.35,0.3,-0.25
700,0.35,0.3,0.0,0.35,0.3,0.0
701,0.35,0.3,0.0,0.35,0.3,0.25
702,0.35,0.3,0.25,-0.35,-0.3,-0.25
703,0.35,0.3,0.25,-0.35,-0.3,0.0
704,0.35,0.3,0.25,-0.35,-0.3,0.25
705,0.35,0.3,0.25,-0.35,0.0,-0.25
706,0.35,0.3,0.25,-0.35,0.0,0.0
707,0.35,0.3,0.25,-0.35,0.0,0.25
708,0.35,0.3,0.25,-0.35,0.3,-0.25
709,0.35,0.3,0.25,-0.35,0.3,0.0
710,0.35,0.3,0.25,-0.35,0.3,0.25
711,0.35,0.3,0.25,0.0,-0.3,-0.25
712,0.35,0.3,0.25,0.0,-0.3,0.0
713,0.35,0.3,0.25,0.0,-0.3,0.25
714,0.35,0.3,0.25,0.0,0.0,-0.25
715,0.35,0.3,0.25,0.0,0.0,0.0
716,0.35,0.3,0.25,0.0,0.0,0.25
717,0.35,0.3,0.25,0.0,0.3,-0.25
718,0.35,0.3,0.25,0.0,0.3,0.0
719,0.35,0.3,0.25,0.0,0.3,0.25
720,0.35,0.3,0.25,0.35,-0.3,-0.25
721,0.35,0.3,0.25,0.35,-0.3,0.0
722,0.35,0.3,0.25,0.35,-0.3,0.25
723,0.35,0.3,0.25,0.35,0.0,-0.25
724,0.35,0.3,0.25,0.35,0.0,0.0
725,0.35,0.3,0.25,0.35,0.0,0.25
726,0.35,0.3,0.25,0.35,0.3,-0.25
727,0.35,0.3,0.25,0.35,0.3,0.0
728,0.35,0.3,0.25,0.35,0.3,0.25
